Season,POS,Player,Team,Runs,Mat,Inns,NO,HS,Avg,BF,SR,100,50,4s,6s,Player_Image_URL,Type,Role
2008,1,Shaun Marsh,Kings XI Punjab,616,11,11,2,115,68.44,441,139.68,1,5,59,26,https://upload.wikimedia.org/wikipedia/commons/thumb/0/0f/Shaun_Marsh_2010.jpg/800px-Shaun_Marsh_2010.jpg,Batter,Player
2008,2,Gautam Gambhir,Delhi Daredevils,534,14,14,1,86,41.07,379,140.89,0,5,68,8,https://documents.iplt20.com/playerheadshot/ipl/284/84.png,Batter,Player
2008,3,Sanath Jayasuriya,Mumbai Indians,518,14,14,2,114*,43.16,309,167.63,1,2,58,31,https://upload.wikimedia.org/wikipedia/commons/thumb/5/5e/Sanath_Jayasuriya_portrait.jpg/800px-Sanath_Jayasuriya_portrait.jpg,All-rounder,Player
2008,4,Shane Watson,Rajasthan Royals,472,15,15,5,76*,47.2,311,151.76,0,4,47,19,https://documents.iplt20.com/playerheadshot/ipl/284/227.png,All-rounder,Player
2008,5,Graeme Smith,Rajasthan Royals,441,11,11,2,91,49,362,121.82,0,3,54,8,https://upload.wikimedia.org/wikipedia/commons/thumb/6/6f/Graeme_Smith_2010.jpg/800px-Graeme_Smith_2010.jpg,Batter,Player
2008,6,Adam Gilchrist,Kings XI Punjab,436,14,14,1,109*,33.53,318,137.11,1,3,51,19,https://upload.wikimedia.org/wikipedia/commons/thumb/4/4f/Adam_Gilchrist_2010.jpg/800px-Adam_Gilchrist_2010.jpg,Batter,WK
2008,7,Yusuf Pathan,Rajasthan Royals,435,16,15,1,68,31.07,243,179.01,0,4,43,25,https://upload.wikimedia.org/wikipedia/commons/thumb/5/5a/Yusuf_Pathan_2010.jpg/800px-Yusuf_Pathan_2010.jpg,All-rounder,Player
2008,8,Suresh Raina,Chennai Super Kings,421,16,14,3,55*,38.27,296,142.22,0,3,35,18,https://documents.iplt20.com/playerheadshot/ipl/284/14.png,All-rounder,Player
2008,9,MS Dhoni,Chennai Super Kings,414,16,14,6,65,41.4,310,133.54,0,2,38,15,https://documents.iplt20.com/ipl/IPLHeadshot2026/57.png,Batter,C + WK
2008,10,Virender Sehwag,Delhi Daredevils,406,14,14,2,94*,33.83,229,177.29,0,3,46,21,https://upload.wikimedia.org/wikipedia/commons/thumb/0/0f/Virender_Sehwag_2010.jpg/800px-Virender_Sehwag_2010.jpg,Batter,Player
2008,11,Rohit Sharma,Deccan Chargers,404,13,12,1,76*,36.72,273,147.98,0,4,38,19,https://documents.iplt20.com/ipl/IPLHeadshot2026/6.png,Batter,Player
2008,12,Rahul Dravid,Royal Challengers Bangalore,371,14,14,1,75*,28.53,298,124.49,0,2,35,11,https://upload.wikimedia.org/wikipedia/commons/thumb/0/0f/Rahul_Dravid_2010.jpg/800px-Rahul_Dravid_2010.jpg,Batter,Player
2008,13,Sourav Ganguly,Kolkata Knight Riders,349,13,13,1,91,29.08,307,113.68,0,3,33,15,https://upload.wikimedia.org/wikipedia/commons/thumb/5/5f/Sourav_Ganguly_2010.jpg/800px-Sourav_Ganguly_2010.jpg,Batter,C
2008,14,Shikhar Dhawan,Delhi Daredevils,340,14,14,5,68*,37.77,295,115.25,0,4,35,8,https://documents.iplt20.com/ipl/IPLHeadshot2024/11.png,Batter,Player
2008,15,Kumar Sangakkara,Kings XI Punjab,320,10,9,0,94,35.55,198,161.61,0,4,41,8,https://upload.wikimedia.org/wikipedia/commons/thumb/5/5e/Kumar_Sangakkara_2010.jpg/800px-Kumar_Sangakkara_2010.jpg,Batter,WK
2008,16,Robin Uthappa,Mumbai Indians,320,14,14,5,48,35.55,279,114.69,0,3,34,9,https://upload.wikimedia.org/wikipedia/commons/thumb/0/0f/Robin_Uthappa_2010.jpg/800px-Robin_Uthappa_2010.jpg,Batter,Player
2008,17,David Hussey,Kolkata Knight Riders,319,13,13,2,71,29,259,123.16,0,2,19,17,https://upload.wikimedia.org/wikipedia/commons/thumb/5/5e/David_Hussey_2010.jpg/800px-David_Hussey_2010.jpg,All-rounder,Player
2008,18,Swapnil Asnodkar,Rajasthan Royals,311,9,9,0,60,34.55,233,133.47,0,2,43,6,https://upload.wikimedia.org/wikipedia/commons/thumb/0/0f/Swapnil_Asnodkar.jpg/800px-Swapnil_Asnodkar.jpg,Batter,Player
2008,19,Parthiv Patel,Chennai Super Kings,302,13,13,2,54,27.45,297,101.68,0,2,42,3,https://upload.wikimedia.org/wikipedia/commons/thumb/5/5e/Parthiv_Patel_2010.jpg/800px-Parthiv_Patel_2010.jpg,Batter,WK
2008,20,Yuvraj Singh,Kings XI Punjab,299,15,14,1,57,23,184,162.5,0,1,24,19,https://upload.wikimedia.org/wikipedia/commons/thumb/5/5e/Yuvraj_Singh_2010.jpg/800px-Yuvraj_Singh_2010.jpg,All-rounder,Player
2008,21,Venugopal Rao,Deccan Chargers,288,11,10,2,71*,36,210,137.14,0,2,22,15,https://upload.wikimedia.org/wikipedia/commons/thumb/0/0f/Venugopal_Rao.jpg/800px-Venugopal_Rao.jpg,All-rounder,Player
2008,22,Albie Morkel,Chennai Super Kings,241,13,10,3,71,34.42,163,147.85,0,1,18,14,https://upload.wikimedia.org/wikipedia/commons/thumb/0/0f/Albie_Morkel_2010.jpg/800px-Albie_Morkel_2010.jpg,All-rounder,Player
2008,23,Mark Boucher,Royal Challengers Bangalore,225,10,10,3,50*,32.14,177,127.11,0,1,24,6,https://upload.wikimedia.org/wikipedia/commons/thumb/5/5e/Mark_Boucher_2010.jpg/800px-Mark_Boucher_2010.jpg,Batter,WK
2008,24,James Hopes,Kings XI Punjab,221,11,11,0,71,20.09,148,149.32,0,2,27,8,https://upload.wikimedia.org/wikipedia/commons/thumb/0/0f/James_Hopes_2010.jpg/800px-James_Hopes_2010.jpg,All-rounder,Player
2008,25,Abhishek Nayar,Mumbai Indians,206,14,10,2,45*,25.75,138,149.27,0,1,16,9,https://upload.wikimedia.org/wikipedia/commons/thumb/0/0f/Abhishek_Nayar_2010.jpg/800px-Abhishek_Nayar_2010.jpg,All-rounder,Player
2008,26,Jacques Kallis,Royal Challengers Bangalore,199,11,11,0,54,18.09,183,108.74,0,1,23,4,https://upload.wikimedia.org/wikipedia/commons/thumb/5/5e/Jacques_Kallis_2010.jpg/800px-Jacques_Kallis_2010.jpg,All-rounder,Player
2008,27,Stephen Fleming,Chennai Super Kings,196,10,10,1,45,21.77,164,119.51,0,2,27,3,https://upload.wikimedia.org/wikipedia/commons/thumb/0/0f/Stephen_Fleming_2010.jpg/800px-Stephen_Fleming_2010.jpg,Batter,Player
2008,28,Salman Butt,Kolkata Knight Riders,193,7,7,0,73,27.57,161,119.87,0,1,30,2,https://upload.wikimedia.org/wikipedia/commons/thumb/0/0f/Salman_Butt_2010.jpg/800px-Salman_Butt_2010.jpg,Batter,Player
2008,29,Subramaniam Badrinath,Chennai Super Kings,192,16,11,5,64,32,130,147.69,0,2,21,8,https://upload.wikimedia.org/wikipedia/commons/thumb/0/0f/Subramaniam_Badrinath_2010.jpg/800px-Subramaniam_Badrinath_2010.jpg,Batter,Player
2008,30,Matthew Hayden,Chennai Super Kings,189,4,4,1,81,63,131,144.27,0,2,24,3,https://upload.wikimedia.org/wikipedia/commons/thumb/5/5e/Matthew_Hayden_2010.jpg/800px-Matthew_Hayden_2010.jpg,Batter,Player
2008,31,Brendon McCullum,Kolkata Knight Riders,188,4,4,1,158*,62.66,92,204.34,1,0,13,15,https://upload.wikimedia.org/wikipedia/commons/thumb/5/5e/Brendon_McCullum_2010.jpg/800px-Brendon_McCullum_2010.jpg,Batter,WK
2008,32,Sachin Tendulkar,Mumbai Indians,188,7,7,1,65,31.33,177,106.21,0,1,26,3,https://upload.wikimedia.org/wikipedia/commons/thumb/5/5e/Sachin_Tendulkar_2010.jpg/800px-Sachin_Tendulkar_2010.jpg,Batter,Player
2008,33,Mahela Jayawardene,Kings XI Punjab,179,13,12,5,45*,25.57,131,136.64,0,1,15,7,https://upload.wikimedia.org/wikipedia/commons/thumb/5/5e/Mahela_Jayawardene_2010.jpg/800px-Mahela_Jayawardene_2010.jpg,Batter,Player
2008,34,Dwayne Bravo,Mumbai Indians,178,9,7,1,64*,29.66,134,132.83,0,1,19,5,https://upload.wikimedia.org/wikipedia/commons/thumb/5/5e/Dwayne_Bravo_2010.jpg/800px-Dwayne_Bravo_2010.jpg,All-rounder,Player
2008,35,Mohammad Kaif,Rajasthan Royals,176,16,14,3,34*,16,171,102.92,0,1,14,6,https://upload.wikimedia.org/wikipedia/commons/thumb/0/0f/Mohammad_Kaif_2010.jpg/800px-Mohammad_Kaif_2010.jpg,Batter,Player
2008,36,Michael Hussey,Chennai Super Kings,168,4,3,1,116*,84,100,168,1,0,12,11,https://upload.wikimedia.org/wikipedia/commons/thumb/5/5e/Michael_Hussey_2010.jpg/800px-Michael_Hussey_2010.jpg,Batter,Player
2008,37,Herschelle Gibbs,Deccan Chargers,167,9,9,0,47,18.55,153,109.15,0,1,17,8,https://upload.wikimedia.org/wikipedia/commons/thumb/5/5e/Herschelle_Gibbs_2010.jpg/800px-Herschelle_Gibbs_2010.jpg,Batter,Player
2008,38,Virat Kohli,Royal Challengers Bangalore,165,13,12,1,38,15,157,105.09,0,1,18,4,https://documents.iplt20.com/ipl/IPLHeadshot2026/2.png,Batter,Player
2008,39,Laxmi Ratan Shukla,Kolkata Knight Riders,163,13,12,4,42,20.37,122,133.6,0,1,17,5,https://upload.wikimedia.org/wikipedia/commons/thumb/0/0f/Laxmi_Ratan_Shukla.jpg/800px-Laxmi_Ratan_Shukla.jpg,All-rounder,Player
2008,40,Andrew Symonds,Deccan Chargers,161,4,3,1,117*,80.5,105,153.33,1,0,15,9,https://upload.wikimedia.org/wikipedia/commons/thumb/5/5e/Andrew_Symonds_2010.jpg/800px-Andrew_Symonds_2010.jpg,All-rounder,Player
2008,41,Wriddhiman Saha,Kolkata Knight Riders,159,12,10,5,59*,31.8,119,133.61,0,1,12,7,https://upload.wikimedia.org/wikipedia/commons/thumb/5/5e/Wriddhiman_Saha_2010.jpg/800px-Wriddhiman_Saha_2010.jpg,Batter,WK
2008,42,VVS Laxman,Deccan Chargers,155,6,6,1,52,31,132,117.42,0,1,22,4,https://upload.wikimedia.org/wikipedia/commons/thumb/5/5e/VVS_Laxman_2010.jpg/800px-VVS_Laxman_2010.jpg,Batter,Player
2008,43,Luke Pomersbach,Kings XI Punjab,152,5,5,4,79*,152,99,153.53,0,1,13,9,https://upload.wikimedia.org/wikipedia/commons/thumb/0/0f/Luke_Pomersbach_2010.jpg/800px-Luke_Pomersbach_2010.jpg,Batter,Player
2008,44,Ross Taylor,Royal Challengers Bangalore,149,4,4,0,53,37.25,81,183.95,0,1,13,10,https://upload.wikimedia.org/wikipedia/commons/thumb/5/5e/Ross_Taylor_2010.jpg/800px-Ross_Taylor_2010.jpg,Batter,Player
2008,45,Shaun Pollock,Mumbai Indians,147,13,8,3,33,18.37,111,132.43,0,1,12,8,https://upload.wikimedia.org/wikipedia/commons/thumb/5/5e/Shaun_Pollock_2010.jpg/800px-Shaun_Pollock_2010.jpg,All-rounder,Player
2008,46,Vidyut Sivaramakrishnan,Chennai Super Kings,145,9,8,0,54,18.12,109,133.02,0,1,21,3,https://upload.wikimedia.org/wikipedia/commons/thumb/0/0f/Vidyut_Sivaramakrishnan.jpg/800px-Vidyut_Sivaramakrishnan.jpg,All-rounder,Player
2008,47,Dinesh Karthik,Delhi Daredevils,145,13,8,2,56*,24.16,107,135.51,0,1,13,4,https://upload.wikimedia.org/wikipedia/commons/thumb/5/5e/Dinesh_Karthik_2010.jpg/800px-Dinesh_Karthik_2010.jpg,Batter,WK
2008,48,Ravindra Jadeja,Rajasthan Royals,135,14,9,2,36*,19.28,103,131.06,0,1,11,6,https://upload.wikimedia.org/wikipedia/commons/thumb/5/5e/Ravindra_Jadeja_2010.jpg/800px-Ravindra_Jadeja_2010.jpg,All-rounder,Player
2008,49,Irfan Pathan,Kings XI Punjab,131,14,10,4,40,21.83,116,112.93,0,0,9,6,https://upload.wikimedia.org/wikipedia/commons/thumb/5/5e/Irfan_Pathan_2010.jpg/800px-Irfan_Pathan_2010.jpg,All-rounder,Player
2008,50,Kamran Akmal,Rajasthan Royals,128,6,6,1,53*,25.6,78,164.1,0,1,13,8,https://upload.wikimedia.org/wikipedia/commons/thumb/5/5e/Kamran_Akmal_2010.jpg/800px-Kamran_Akmal_2010.jpg,Batter,WK
2008,51,MF Maharoof,Delhi Daredevils,125,10,8,2,39,20.83,79,158.22,0,1,10,7,https://upload.wikimedia.org/wikipedia/commons/thumb/0/0f/MF_Maharoof.jpg/800px-MF_Maharoof.jpg,All-rounder,Player
2008,52,Misbah-ul-Haq,Royal Challengers Bangalore,117,8,8,1,47*,16.71,81,144.44,0,1,10,6,https://upload.wikimedia.org/wikipedia/commons/thumb/5/5e/Misbah-ul-Haq_2010.jpg/800px-Misbah-ul-Haq_2010.jpg,Batter,Player
2008,53,Wasim Jaffer,Royal Challengers Bangalore,115,6,6,0,50,19.16,104,110.57,0,1,12,3,https://upload.wikimedia.org/wikipedia/commons/thumb/0/0f/Wasim_Jaffer_2010.jpg/800px-Wasim_Jaffer_2010.jpg,Batter,Player
2008,54,Cameron White,Royal Challengers Bangalore,114,8,8,1,31*,16.28,102,111.76,0,0,8,4,https://upload.wikimedia.org/wikipedia/commons/thumb/5/5e/Cameron_White_2010.jpg/800px-Cameron_White_2010.jpg,Batter,Player
2008,55,Scott Styris,Deccan Chargers,112,8,8,2,36*,18.66,123,91.05,0,0,9,2,https://upload.wikimedia.org/wikipedia/commons/thumb/0/0f/Scott_Styris_2010.jpg/800px-Scott_Styris_2010.jpg,All-rounder,Player
2008,56,Praveen Kumar,Royal Challengers Bangalore,112,13,12,2,34,11.2,98,114.28,0,1,10,5,https://upload.wikimedia.org/wikipedia/commons/thumb/5/5e/Praveen_Kumar_2010.jpg/800px-Praveen_Kumar_2010.jpg,Bowler,Player
2008,57,Dwaraka Ravi Teja,Deccan Chargers,109,7,6,0,40,18.16,82,132.92,0,1,10,5,https://upload.wikimedia.org/wikipedia/commons/thumb/0/0f/Dwaraka_Ravi_Teja.jpg/800px-Dwaraka_Ravi_Teja.jpg,Batter,Player
2008,58,Tillakaratne Dilshan,Delhi Daredevils,104,7,7,1,33,17.33,79,131.64,0,1,14,3,https://upload.wikimedia.org/wikipedia/commons/thumb/5/5e/Tillakaratne_Dilshan_2010.jpg/800px-Tillakaratne_Dilshan_2010.jpg,All-rounder,Player
2008,59,Manoj Tiwary,Delhi Daredevils,104,9,7,3,39,26,85,122.35,0,1,16,0,https://upload.wikimedia.org/wikipedia/commons/thumb/5/5e/Manoj_Tiwary_2010.jpg/800px-Manoj_Tiwary_2010.jpg,Batter,Player
2008,60,Niraj Patel,Rajasthan Royals,103,5,4,2,57,51.5,81,127.16,0,1,13,1,https://upload.wikimedia.org/wikipedia/commons/thumb/0/0f/Niraj_Patel.jpg/800px-Niraj_Patel.jpg,Batter,Player
2008,61,Debabrata Das,Kolkata Knight Riders,103,6,6,0,31,17.16,94,109.57,0,0,9,5,https://upload.wikimedia.org/wikipedia/commons/thumb/0/0f/Debabrata_Das.jpg/800px-Debabrata_Das.jpg,Batter,Player
2008,62,Simon Katich,Kings XI Punjab,96,2,2,1,75,96,69,139.13,0,1,11,2,https://upload.wikimedia.org/wikipedia/commons/thumb/0/0f/Simon_Katich_2010.jpg/800px-Simon_Katich_2010.jpg,Batter,Player
2008,63,AB de Villiers,Delhi Daredevils,95,6,6,1,26*,19,98,96.93,0,0,5,1,https://img1.hscicdn.com/image/upload/f_auto,Batter,WK
2008,64,Piyush Chawla,Kings XI Punjab,90,15,7,3,24*,22.5,59,152.54,0,1,10,3,https://upload.wikimedia.org/wikipedia/commons/thumb/5/5e/Piyush_Chawla_2010.jpg/800px-Piyush_Chawla_2010.jpg,Bowler,Player
2008,65,Shreevats Goswami,Royal Challengers Bangalore,82,4,3,0,52,27.33,85,96.47,0,1,9,1,https://upload.wikimedia.org/wikipedia/commons/thumb/0/0f/Shreevats_Goswami.jpg/800px-Shreevats_Goswami.jpg,Batter,WK
2008,66,Shahid Afridi,Deccan Chargers,81,10,9,1,33,10.12,46,176.08,0,0,7,6,https://upload.wikimedia.org/wikipedia/commons/thumb/5/5e/Shahid_Afridi_2010.jpg/800px-Shahid_Afridi_2010.jpg,All-rounder,Player
2008,67,Karan Goel,Kings XI Punjab,76,7,6,0,26,12.66,78,97.43,0,0,7,4,https://upload.wikimedia.org/wikipedia/commons/thumb/0/0f/Karan_Goel.jpg/800px-Karan_Goel.jpg,Batter,Player
2008,68,Ramnaresh Sarwan,Kings XI Punjab,73,4,4,0,31,18.25,75,97.33,0,0,6,1,https://upload.wikimedia.org/wikipedia/commons/thumb/0/0f/Ramnaresh_Sarwan_2010.jpg/800px-Ramnaresh_Sarwan_2010.jpg,Batter,Player
2008,69,Shane Warne,Rajasthan Royals,70,15,7,2,22*,14,59,118.64,0,0,7,2,https://img1.hscicdn.com/image/upload/f_auto,Bowler,C
2008,70,Ajit Agarkar,Kolkata Knight Riders,54,9,6,1,20,10.8,46,117.39,0,0,5,2,https://upload.wikimedia.org/wikipedia/commons/thumb/5/5e/Ajit_Agarkar_2010.jpg/800px-Ajit_Agarkar_2010.jpg,All-rounder,Player
2008,71,Shoaib Malik,Delhi Daredevils,52,7,5,1,24,13,47,110.63,0,0,5,0,https://upload.wikimedia.org/wikipedia/commons/thumb/5/5e/Shoaib_Malik_2010.jpg/800px-Shoaib_Malik_2010.jpg,All-rounder,Player
2008,72,Arjun Yadav,Deccan Chargers,49,8,6,1,16,9.8,39,125.64,0,0,5,2,https://upload.wikimedia.org/wikipedia/commons/thumb/0/0f/Arjun_Yadav.jpg/800px-Arjun_Yadav.jpg,Batter,Player
2008,73,Sanjay Bangar,Deccan Chargers,47,11,7,1,17*,7.83,49,95.91,0,0,1,3,https://upload.wikimedia.org/wikipedia/commons/thumb/0/0f/Sanjay_Bangar.jpg/800px-Sanjay_Bangar.jpg,All-rounder,Player
2008,74,Balachandra Akhil,Royal Challengers Bangalore,46,7,7,4,27*,15.33,31,148.38,0,0,4,3,https://upload.wikimedia.org/wikipedia/commons/thumb/0/0f/Balachandra_Akhil.jpg/800px-Balachandra_Akhil.jpg,All-rounder,Player
2008,75,Dwayne Smith,Mumbai Indians,45,4,3,0,20,15,40,112.5,0,0,5,1,https://upload.wikimedia.org/wikipedia/commons/thumb/5/5e/Dwayne_Smith_2010.jpg/800px-Dwayne_Smith_2010.jpg,All-rounder,Player
2008,76,Aakash Chopra,Kolkata Knight Riders,42,5,5,0,24,8.4,52,80.76,0,0,5,0,https://upload.wikimedia.org/wikipedia/commons/thumb/0/0f/Aakash_Chopra.jpg/800px-Aakash_Chopra.jpg,Batter,Player
2008,77,LPC Silva,Deccan Chargers,40,3,3,1,23*,20,26,153.84,0,0,5,1,https://upload.wikimedia.org/wikipedia/commons/thumb/0/0f/LPC_Silva.jpg/800px-LPC_Silva.jpg,Batter,Player
2008,78,Ricky Ponting,Kolkata Knight Riders,39,4,4,0,20,9.75,53,73.58,0,0,2,1,https://upload.wikimedia.org/wikipedia/commons/thumb/5/5e/Ricky_Ponting_2010.jpg/800px-Ricky_Ponting_2010.jpg,Batter,Player
2008,79,Dominic Thornely,Mumbai Indians,39,6,4,2,30,19.5,53,73.58,0,0,2,2,https://upload.wikimedia.org/wikipedia/commons/thumb/0/0f/Dominic_Thornely.jpg/800px-Dominic_Thornely.jpg,All-rounder,Player
2008,80,Umar Gul,Kolkata Knight Riders,39,6,4,1,24,13,19,205.26,0,0,1,5,https://upload.wikimedia.org/wikipedia/commons/thumb/5/5e/Umar_Gul_2010.jpg/800px-Umar_Gul_2010.jpg,Bowler,Player
2008,81,Amit Mishra,Delhi Daredevils,37,6,3,0,31,12.33,42,88.09,0,0,3,0,https://upload.wikimedia.org/wikipedia/commons/thumb/5/5e/Amit_Mishra_2010.jpg/800px-Amit_Mishra_2010.jpg,Bowler,Player
2008,82,Sohail Tanvir,Rajasthan Royals,36,11,5,2,13,12,29,124.13,0,0,3,1,https://upload.wikimedia.org/wikipedia/commons/thumb/0/0f/Sohail_Tanvir_2010.jpg/800px-Sohail_Tanvir_2010.jpg,All-rounder,Player
2008,83,Manpreet Gony,Chennai Super Kings,35,16,5,4,15*,35,23,152.17,0,0,2,3,https://upload.wikimedia.org/wikipedia/commons/thumb/0/0f/Manpreet_Gony.jpg/800px-Manpreet_Gony.jpg,Bowler,Player
2008,84,Luke Ronchi,Mumbai Indians,34,4,4,0,13,8.5,32,106.25,0,0,6,1,https://upload.wikimedia.org/wikipedia/commons/thumb/5/5e/Luke_Ronchi_2010.jpg/800px-Luke_Ronchi_2010.jpg,Batter,WK
2008,85,Pinal Shah,Mumbai Indians,34,5,4,0,19,8.5,35,97.14,0,0,4,0,https://upload.wikimedia.org/wikipedia/commons/thumb/0/0f/Pinal_Shah.jpg/800px-Pinal_Shah.jpg,Batter,WK
2008,86,Rajat Bhatia,Delhi Daredevils,34,9,3,1,17,17,28,121.42,0,0,2,2,https://upload.wikimedia.org/wikipedia/commons/thumb/5/5e/Rajat_Bhatia_2010.jpg/800px-Rajat_Bhatia_2010.jpg,All-rounder,Player
2008,87,Mahesh Rawat,Rajasthan Royals,34,11,7,3,23*,8.5,39,87.17,0,0,3,1,https://upload.wikimedia.org/wikipedia/commons/thumb/0/0f/Mahesh_Rawat.jpg/800px-Mahesh_Rawat.jpg,Batter,WK
2008,88,Zaheer Khan,Royal Challengers Bangalore,34,11,8,4,17*,8.5,43,79.06,0,0,4,0,https://upload.wikimedia.org/wikipedia/commons/thumb/5/5e/Zaheer_Khan_2010.jpg/800px-Zaheer_Khan_2010.jpg,Bowler,Player
2008,89,Dinesh Salunkhe,Rajasthan Royals,33,6,3,1,26*,16.5,24,137.5,0,0,5,0,https://upload.wikimedia.org/wikipedia/commons/thumb/0/0f/Dinesh_Salunkhe.jpg/800px-Dinesh_Salunkhe.jpg,All-rounder,Player
2008,90,Tatenda Taibu,Kolkata Knight Riders,31,3,3,0,15,10.33,26,119.23,0,0,3,0,https://upload.wikimedia.org/wikipedia/commons/thumb/0/0f/Tatenda_Taibu.jpg/800px-Tatenda_Taibu.jpg,Batter,WK
2008,91,Harbhajan Singh,Mumbai Indians,30,3,3,1,28,15,17,176.47,0,0,1,3,https://upload.wikimedia.org/wikipedia/commons/thumb/5/5e/Harbhajan_Singh_2010.jpg/800px-Harbhajan_Singh_2010.jpg,Bowler,Player
2008,92,Murali Kartik,Kolkata Knight Riders,30,6,3,0,17,10,27,111.11,0,0,3,0,https://upload.wikimedia.org/wikipedia/commons/thumb/5/5e/Murali_Kartik_2010.jpg/800px-Murali_Kartik_2010.jpg,Bowler,Player
2008,93,Ramesh Powar,Kings XI Punjab,28,5,1,1,28*,0,21,133.33,0,0,4,1,https://upload.wikimedia.org/wikipedia/commons/thumb/0/0f/Ramesh_Powar.jpg/800px-Ramesh_Powar.jpg,Bowler,Player
2008,94,RP Singh,Deccan Chargers,27,14,9,5,10,6.75,24,112.5,0,0,2,1,https://upload.wikimedia.org/wikipedia/commons/thumb/5/5e/RP_Singh_2010.jpg/800px-RP_Singh_2010.jpg,Bowler,Player
2008,95,Saurabh Tiwary,Mumbai Indians,26,3,2,0,17,13,20,130,0,0,3,1,https://upload.wikimedia.org/wikipedia/commons/thumb/5/5e/Saurabh_Tiwary_2010.jpg/800px-Saurabh_Tiwary_2010.jpg,Batter,Player
2008,96,Wilkin Mota,Kings XI Punjab,26,4,2,1,25,26,27,96.29,0,0,2,0,https://upload.wikimedia.org/wikipedia/commons/thumb/0/0f/Wilkin_Mota.jpg/800px-Wilkin_Mota.jpg,All-rounder,Player
2008,97,Shivnarine Chanderpaul,Royal Challengers Bangalore,25,3,3,0,16,8.33,31,80.64,0,0,4,0,https://upload.wikimedia.org/wikipedia/commons/thumb/5/5e/Shivnarine_Chanderpaul_2010.jpg/800px-Shivnarine_Chanderpaul_2010.jpg,Batter,Player
2008,98,Vinay Kumar,Royal Challengers Bangalore,25,8,4,1,23,8.33,22,113.63,0,0,2,1,https://upload.wikimedia.org/wikipedia/commons/thumb/5/5e/Vinay_Kumar_2010.jpg/800px-Vinay_Kumar_2010.jpg,Bowler,Player
2008,99,Musavir Khote,Mumbai Indians,24,4,3,1,9,12,22,109.09,0,0,2,1,https://upload.wikimedia.org/wikipedia/commons/thumb/0/0f/Musavir_Khote.jpg/800px-Musavir_Khote.jpg,All-rounder,Player
2008,100,Jagadeesh Arunkumar,Royal Challengers Bangalore,23,3,3,0,22,7.66,23,100,0,0,5,0,https://upload.wikimedia.org/wikipedia/commons/thumb/0/0f/Jagadeesh_Arunkumar.jpg/800px-Jagadeesh_Arunkumar.jpg,Batter,Player
2008,101,Chaminda Vaas,Deccan Chargers,21,5,4,1,12*,7,18,116.66,0,0,0,1,https://upload.wikimedia.org/wikipedia/commons/thumb/5/5e/Chaminda_Vaas_2010.jpg/800px-Chaminda_Vaas_2010.jpg,Bowler,Player
2008,102,Bharat Chipli,Royal Challengers Bangalore,20,3,3,0,10,6.66,28,71.42,0,0,3,0,https://upload.wikimedia.org/wikipedia/commons/thumb/0/0f/Bharat_Chipli.jpg/800px-Bharat_Chipli.jpg,Batter,Player
2008,103,Mohammad Hafeez,Kolkata Knight Riders,20,8,3,1,13,10,22,90.9,0,0,2,1,https://upload.wikimedia.org/wikipedia/commons/thumb/5/5e/Mohammad_Hafeez_2010.jpg/800px-Mohammad_Hafeez_2010.jpg,All-rounder,Player
2008,104,Darren Lehmann,Rajasthan Royals,18,2,2,0,17,9,18,100,0,0,3,0,https://upload.wikimedia.org/wikipedia/commons/thumb/0/0f/Darren_Lehmann_2010.jpg/800px-Darren_Lehmann_2010.jpg,Batter,Player
2008,105,Siddharth Chitnis,Mumbai Indians,18,3,2,0,15,9,10,180,0,0,1,1,https://upload.wikimedia.org/wikipedia/commons/thumb/0/0f/Siddharth_Chitnis.jpg/800px-Siddharth_Chitnis.jpg,All-rounder,Player
2008,106,Jacob Oram,Chennai Super Kings,18,4,3,2,13,18,12,150,0,0,1,1,https://upload.wikimedia.org/wikipedia/commons/thumb/5/5e/Jacob_Oram_2010.jpg/800px-Jacob_Oram_2010.jpg,All-rounder,Player
2008,107,Brett Lee,Kings XI Punjab,17,3,2,1,16*,17,13,130.76,0,0,2,1,https://upload.wikimedia.org/wikipedia/commons/thumb/5/5e/Brett_Lee_2010.jpg/800px-Brett_Lee_2010.jpg,Bowler,Player
2008,108,Chamara Kapugedera,Chennai Super Kings,16,5,3,0,8,5.33,23,69.56,0,0,0,0,https://upload.wikimedia.org/wikipedia/commons/thumb/0/0f/Chamara_Kapugedera.jpg/800px-Chamara_Kapugedera.jpg,Batter,Player
2008,109,Joginder Sharma,Chennai Super Kings,16,8,3,1,16,8,11,145.45,0,0,1,1,https://upload.wikimedia.org/wikipedia/commons/thumb/0/0f/Joginder_Sharma.jpg/800px-Joginder_Sharma.jpg,All-rounder,Player
2008,110,Yo Mahesh,Delhi Daredevils,15,11,5,3,6*,7.5,27,55.55,0,0,0,0,https://upload.wikimedia.org/wikipedia/commons/thumb/0/0f/Yo_Mahesh.jpg/800px-Yo_Mahesh.jpg,Bowler,Player
2008,111,Devraj Patil,Royal Challengers Bangalore,13,2,2,0,9,6.5,13,100,0,0,1,0,https://upload.wikimedia.org/wikipedia/commons/thumb/0/0f/Devraj_Patil.jpg/800px-Devraj_Patil.jpg,Batter,WK
2008,112,Anil Kumble,Royal Challengers Bangalore,13,10,5,3,8,6.5,17,76.47,0,0,1,0,https://upload.wikimedia.org/wikipedia/commons/thumb/5/5e/Anil_Kumble_2010.jpg/800px-Anil_Kumble_2010.jpg,Bowler,Player
2008,113,Brad Hodge,Kolkata Knight Riders,12,3,3,0,10,4,17,70.58,0,0,2,0,https://upload.wikimedia.org/wikipedia/commons/thumb/5/5e/Brad_Hodge_2010.jpg/800px-Brad_Hodge_2010.jpg,Batter,Player
2008,114,Nuwan Zoysa,Deccan Chargers,11,3,2,1,10*,11,9,122.22,0,0,1,0,https://upload.wikimedia.org/wikipedia/commons/thumb/0/0f/Nuwan_Zoysa.jpg/800px-Nuwan_Zoysa.jpg,Bowler,Player
2008,115,Makhaya Ntini,Chennai Super Kings,11,9,2,1,11,11,18,61.11,0,0,2,0,https://upload.wikimedia.org/wikipedia/commons/thumb/5/5e/Makhaya_Ntini_2010.jpg/800px-Makhaya_Ntini_2010.jpg,Bowler,Player
2008,116,Ishant Sharma,Kolkata Knight Riders,11,13,6,5,4*,11,11,100,0,0,1,0,https://upload.wikimedia.org/wikipedia/commons/thumb/5/5e/Ishant_Sharma_2010.jpg/800px-Ishant_Sharma_2010.jpg,Bowler,Player
2008,117,Taruwar Kohli,Rajasthan Royals,10,2,2,0,7,5,15,66.66,0,0,0,1,https://upload.wikimedia.org/wikipedia/commons/thumb/0/0f/Taruwar_Kohli.jpg/800px-Taruwar_Kohli.jpg,Batter,Player
2008,118,Ashley Noffke,Royal Challengers Bangalore,9,10,9,9,9*,9,10,90,0,0,1,0,https://upload.wikimedia.org/wikipedia/commons/thumb/0/0f/Ashley_Noffke.jpg/800px-Ashley_Noffke.jpg,All-rounder,Player
2008,119,Dimitri Mascarenhas,Rajasthan Royals,9,1,1,0,9,9,8,112.5,0,0,0,1,https://upload.wikimedia.org/wikipedia/commons/thumb/0/0f/Dimitri_Mascarenhas.jpg/800px-Dimitri_Mascarenhas.jpg,All-rounder,Player
2008,120,Tanmay Srivastava,Kings XI Punjab,8,5,2,1,7,8,10,80,0,0,0,0,https://upload.wikimedia.org/wikipedia/commons/thumb/0/0f/Tanmay_Srivastava.jpg/800px-Tanmay_Srivastava.jpg,Batter,Player
2008,121,Rohan Raje,Mumbai Indians,8,6,3,3,6*,0,9,88.88,0,0,1,0,https://upload.wikimedia.org/wikipedia/commons/thumb/0/0f/Rohan_Raje.jpg/800px-Rohan_Raje.jpg,All-rounder,Player
2008,122,Sunil Joshi,Royal Challengers Bangalore,6,4,2,0,3,3,14,42.85,0,0,0,0,https://upload.wikimedia.org/wikipedia/commons/thumb/0/0f/Sunil_Joshi.jpg/800px-Sunil_Joshi.jpg,Bowler,Player
2008,123,Pankaj Singh,Rajasthan Royals,5,5,2,2,4*,0,8,62.5,0,0,0,0,https://upload.wikimedia.org/wikipedia/commons/thumb/0/0f/Pankaj_Singh.jpg/800px-Pankaj_Singh.jpg,Bowler,Player
2008,124,Siddharth Trivedi,Rajasthan Royals,5,15,3,2,3*,5,12,41.66,0,0,0,0,https://upload.wikimedia.org/wikipedia/commons/thumb/0/0f/Siddharth_Trivedi.jpg/800px-Siddharth_Trivedi.jpg,Bowler,Player
2008,125,Ajinkya Rahane,Mumbai Indians,4,2,2,0,4,2,17,23.52,0,0,1,0,https://upload.wikimedia.org/wikipedia/commons/thumb/5/5e/Ajinkya_Rahane_2010.jpg/800px-Ajinkya_Rahane_2010.jpg,Batter,Player
2008,126,Sunny Sohal,Kings XI Punjab,4,2,2,0,4,2,8,50,0,0,0,0,https://upload.wikimedia.org/wikipedia/commons/thumb/0/0f/Sunny_Sohal.jpg/800px-Sunny_Sohal.jpg,Batter,Player
2008,127,Vikram Singh,Kings XI Punjab,4,13,2,0,4,2,3,133.33,0,0,1,0,https://upload.wikimedia.org/wikipedia/commons/thumb/0/0f/Vikram_Singh.jpg/800px-Vikram_Singh.jpg,Bowler,Player
2008,128,Glenn McGrath,Delhi Daredevils,4,14,3,2,4*,4,5,80,0,0,1,0,https://upload.wikimedia.org/wikipedia/commons/thumb/5/5e/Glenn_McGrath_2010.jpg/800px-Glenn_McGrath_2010.jpg,Bowler,Player
2008,129,Younis Khan,Rajasthan Royals,3,1,1,0,3,3,7,42.85,0,0,0,0,https://upload.wikimedia.org/wikipedia/commons/thumb/5/5e/Younis_Khan_2010.jpg/800px-Younis_Khan_2010.jpg,Batter,Player
2008,130,Doddapaneni Kalyankrishna,Deccan Chargers,3,3,1,0,3,3,8,37.5,0,0,0,0,https://upload.wikimedia.org/wikipedia/commons/thumb/0/0f/Doddapaneni_Kalyankrishna.jpg/800px-Doddapaneni_Kalyankrishna.jpg,All-rounder,Player
2008,131,Manish Pandey,Mumbai Indians,3,3,2,0,3,3,9,33.33,0,0,0,0,https://upload.wikimedia.org/wikipedia/commons/thumb/5/5e/Manish_Pandey_2010.jpg/800px-Manish_Pandey_2010.jpg,Batter,Player
2008,132,Mohammad Asif,Delhi Daredevils,3,8,2,0,3,1.5,6,50,0,0,0,0,https://upload.wikimedia.org/wikipedia/commons/thumb/5/5e/Mohammad_Asif_2010.jpg/800px-Mohammad_Asif_2010.jpg,Bowler,Player
2008,133,Ashish Nehra,Mumbai Indians,3,14,4,3,2*,3,13,23.07,0,0,0,0,https://upload.wikimedia.org/wikipedia/commons/thumb/5/5e/Ashish_Nehra_2010.jpg/800px-Ashish_Nehra_2010.jpg,Bowler,Player
2008,134,Halhadar Das,Deccan Chargers,2,1,1,0,2,2,5,40,0,0,0,0,https://upload.wikimedia.org/wikipedia/commons/thumb/0/0f/Halhadar_Das.jpg/800px-Halhadar_Das.jpg,Batter,WK
2008,135,Vikrant Yeligati,Mumbai Indians,2,2,1,0,2,2,2,100,0,0,0,0,https://upload.wikimedia.org/wikipedia/commons/thumb/0/0f/Vikrant_Yeligati.jpg/800px-Vikrant_Yeligati.jpg,Batter,Player
2008,136,Shoaib Akhtar,Kolkata Knight Riders,2,3,1,0,2,2,7,28.57,0,0,0,0,https://upload.wikimedia.org/wikipedia/commons/thumb/5/5e/Shoaib_Akhtar_2010.jpg/800px-Shoaib_Akhtar_2010.jpg,Bowler,Player
2008,137,Dilhara Fernando,Mumbai Indians,2,5,1,1,2*,0,1,200,0,0,0,0,https://upload.wikimedia.org/wikipedia/commons/thumb/0/0f/Dilhara_Fernando.jpg/800px-Dilhara_Fernando.jpg,Bowler,Player
2008,138,Pradeep Sangwan,Delhi Daredevils,2,7,2,0,2,1,5,40,0,0,0,0,https://upload.wikimedia.org/wikipedia/commons/thumb/0/0f/Pradeep_Sangwan.jpg/800px-Pradeep_Sangwan.jpg,Bowler,Player
2008,139,Dale Steyn,Royal Challengers Bangalore,2,10,2,1,2*,2,5,40,0,0,0,0,https://upload.wikimedia.org/wikipedia/commons/thumb/5/5e/Dale_Steyn_2010.jpg/800px-Dale_Steyn_2010.jpg,Bowler,Player
2008,140,Dhawal Kulkarni,Mumbai Indians,2,1,1,1,2*,0,16,12.5,0,0,0,0,https://upload.wikimedia.org/wikipedia/commons/thumb/0/0f/Dhawal_Kulkarni_2010.jpg/800px-Dhawal_Kulkarni_2010.jpg,Bowler,Player
2008,141,Ashok Dinda,Kolkata Knight Riders,2,13,3,2,2*,2,4,50,0,0,0,0,https://upload.wikimedia.org/wikipedia/commons/thumb/5/5e/Ashok_Dinda_2010.jpg/800px-Ashok_Dinda_2010.jpg,Bowler,Player
2008,142,Pragyan Ojha,Deccan Chargers,2,13,4,2,2*,1,4,50,0,0,0,0,https://upload.wikimedia.org/wikipedia/commons/thumb/5/5e/Pragyan_Ojha_2010.jpg/800px-Pragyan_Ojha_2010.jpg,Bowler,Player
2008,143,Iqbal Abdulla,Kolkata Knight Riders,1,1,1,1,1*,0,2,50,0,0,0,0,https://upload.wikimedia.org/wikipedia/commons/thumb/0/0f/Iqbal_Abdulla.jpg/800px-Iqbal_Abdulla.jpg,All-rounder,Player
2008,144,Srikkanth Anirudha,Chennai Super Kings,1,1,1,0,1,1,7,14.28,0,0,0,0,https://upload.wikimedia.org/wikipedia/commons/thumb/0/0f/Srikkanth_Anirudha.jpg/800px-Srikkanth_Anirudha.jpg,Batter,Player
2008,145,PM Sarvesh Kumar,Deccan Chargers,1,2,1,1,1*,0,2,50,0,0,0,0,https://upload.wikimedia.org/wikipedia/commons/thumb/0/0f/PM_Sarvesh_Kumar.jpg/800px-PM_Sarvesh_Kumar.jpg,Bowler,Player
2008,146,Paidikalva Vijaykumar,Deccan Chargers,1,9,2,2,1*,0,1,100,0,0,0,0,https://upload.wikimedia.org/wikipedia/commons/thumb/0/0f/Paidikalva_Vijaykumar.jpg/800px-Paidikalva_Vijaykumar.jpg,Bowler,Player
2008,147,Abdur Razzak,Royal Challengers Bangalore,0,1,1,1,0*,0,2,0,0,0,0,0,https://upload.wikimedia.org/wikipedia/commons/thumb/0/0f/Abdur_Razzak.jpg/800px-Abdur_Razzak.jpg,Bowler,Player
2008,148,Abhinav Mukund,Chennai Super Kings,0,2,1,0,0,0,1,0,0,0,0,0,https://upload.wikimedia.org/wikipedia/commons/thumb/0/0f/Abhinav_Mukund.jpg/800px-Abhinav_Mukund.jpg,Batter,Player
2008,149,Lakshmipathy Balaji,Chennai Super Kings,0,9,1,0,0,0,4,0,0,0,0,0,https://upload.wikimedia.org/wikipedia/commons/thumb/5/5e/Lakshmipathy_Balaji_2010.jpg/800px-Lakshmipathy_Balaji_2010.jpg,Bowler,Player
2008,150,Munaf Patel,Rajasthan Royals,0,15,2,2,0*,0,1,0,0,0,0,0,https://upload.wikimedia.org/wikipedia/commons/thumb/5/5e/Munaf_Patel_2010.jpg/800px-Munaf_Patel_2010.jpg,Bowler,Player
2009,1,Matthew Hayden,Chennai Super Kings,572,12,12,1,89,52,395,144.81,0,5,60,22,https://upload.wikimedia.org/wikipedia/commons/thumb/5/5e/Matthew_Hayden_2010.jpg/800px-Matthew_Hayden_2010.jpg,Batter,Player
2009,2,Adam Gilchrist,Deccan Chargers,495,16,16,0,85,30.93,325,152.3,0,3,54,29,https://upload.wikimedia.org/wikipedia/commons/thumb/4/4f/Adam_Gilchrist_2010.jpg/800px-Adam_Gilchrist_2010.jpg,Batter,WK
2009,3,Suresh Raina,Chennai Super Kings,434,14,14,0,98,31,308,140.9,0,2,37,21,https://documents.iplt20.com/playerheadshot/ipl/284/14.png,All-rounder,Player
2009,4,JP Duminy,Mumbai Indians,372,13,12,3,62,41.33,325,114.46,0,5,26,11,https://upload.wikimedia.org/wikipedia/commons/thumb/5/5e/JP_Duminy_2010.jpg/800px-JP_Duminy_2010.jpg,All-rounder,Player
2009,5,Herschelle Gibbs,Deccan Chargers,371,14,14,3,69*,33.72,331,112.08,0,4,32,12,https://upload.wikimedia.org/wikipedia/commons/thumb/5/5e/Herschelle_Gibbs_2010.jpg/800px-Herschelle_Gibbs_2010.jpg,Batter,Player
2009,6,Brad Hodge,Kolkata Knight Riders,365,12,12,3,73,40.55,310,117.74,0,3,34,9,https://upload.wikimedia.org/wikipedia/commons/thumb/5/5e/Brad_Hodge_2010.jpg/800px-Brad_Hodge_2010.jpg,Batter,Player
2009,7,Sachin Tendulkar,Mumbai Indians,364,13,13,2,68,33.09,303,120.13,0,2,39,10,https://upload.wikimedia.org/wikipedia/commons/thumb/5/5e/Sachin_Tendulkar_2010.jpg/800px-Sachin_Tendulkar_2010.jpg,Batter,Player
2009,8,Rohit Sharma,Deccan Chargers,362,16,16,3,52,27.84,315,114.92,0,1,22,18,https://documents.iplt20.com/ipl/IPLHeadshot2026/6.png,Batter,Player
2009,9,Jacques Kallis,Royal Challengers Bangalore,361,15,15,2,69*,27.76,332,108.73,0,3,37,8,https://upload.wikimedia.org/wikipedia/commons/thumb/5/5e/Jacques_Kallis_2010.jpg/800px-Jacques_Kallis_2010.jpg,All-rounder,Player
2009,10,Yuvraj Singh,Kings XI Punjab,340,14,14,2,58*,28.33,294,115.64,0,2,25,16,https://upload.wikimedia.org/wikipedia/commons/thumb/5/5e/Yuvraj_Singh_2010.jpg/800px-Yuvraj_Singh_2010.jpg,All-rounder,Player
2009,11,Kumar Sangakkara,Kings XI Punjab,332,14,13,2,60,30.18,324,102.46,0,2,29,5,https://upload.wikimedia.org/wikipedia/commons/thumb/5/5e/Kumar_Sangakkara_2010.jpg/800px-Kumar_Sangakkara_2010.jpg,Batter,WK
2009,12,MS Dhoni,Chennai Super Kings,332,14,13,5,58*,41.5,261,127.2,0,2,22,9,https://documents.iplt20.com/ipl/IPLHeadshot2026/57.png,Batter,C
2009,13,Ravindra Jadeja,Rajasthan Royals,295,13,13,2,42,26.81,266,110.9,0,2,21,6,https://upload.wikimedia.org/wikipedia/commons/thumb/5/5e/Ravindra_Jadeja_2010.jpg/800px-Ravindra_Jadeja_2010.jpg,All-rounder,Player
2009,14,Brendon McCullum,Kolkata Knight Riders,285,13,13,1,84*,23.75,239,119.24,0,2,27,12,https://upload.wikimedia.org/wikipedia/commons/thumb/5/5e/Brendon_McCullum_2010.jpg/800px-Brendon_McCullum_2010.jpg,Batter,WK
2009,15,Ross Taylor,Royal Challengers Bangalore,280,11,11,2,81*,31.11,208,134.61,0,1,20,15,https://upload.wikimedia.org/wikipedia/commons/thumb/5/5e/Ross_Taylor_2010.jpg/800px-Ross_Taylor_2010.jpg,Batter,Player
2009,16,Rahul Dravid,Royal Challengers Bangalore,271,13,12,0,66,22.58,234,115.81,0,1,28,3,https://upload.wikimedia.org/wikipedia/commons/thumb/0/0f/Rahul_Dravid_2010.jpg/800px-Rahul_Dravid_2010.jpg,Batter,Player
2009,17,Andrew Symonds,Deccan Chargers,249,8,8,1,60*,35.57,166,150,0,1,15,11,https://upload.wikimedia.org/wikipedia/commons/thumb/5/5e/Andrew_Symonds_2010.jpg/800px-Andrew_Symonds_2010.jpg,All-rounder,Player
2009,18,Virat Kohli,Royal Challengers Bangalore,246,16,13,2,50,22.36,219,112.32,0,1,22,8,https://documents.iplt20.com/ipl/IPLHeadshot2026/2.png,Batter,Player
2009,19,Yusuf Pathan,Rajasthan Royals,243,13,13,1,62*,20.25,183,132.78,0,1,24,12,https://upload.wikimedia.org/wikipedia/commons/thumb/5/5e/Yusuf_Pathan_2010.jpg/800px-Yusuf_Pathan_2010.jpg,All-rounder,Player
2009,20,Tirumalasetti Suman,Deccan Chargers,237,12,12,2,41*,23.7,190,124.73,0,1,18,8,https://upload.wikimedia.org/wikipedia/commons/thumb/0/0f/Tirumalasetti_Suman.jpg/800px-Tirumalasetti_Suman.jpg,Batter,Player
2009,21,Sanath Jayasuriya,Mumbai Indians,221,12,12,0,52,18.41,192,115.1,0,2,23,7,https://upload.wikimedia.org/wikipedia/commons/thumb/5/5e/Sanath_Jayasuriya_portrait.jpg/800px-Sanath_Jayasuriya_portrait.jpg,All-rounder,Player
2009,22,Mahela Jayawardena,Kings XI Punjab,219,10,10,4,52*,36.5,165,132.72,0,1,17,7,https://upload.wikimedia.org/wikipedia/commons/thumb/5/5e/Mahela_Jayawardene_2010.jpg/800px-Mahela_Jayawardene_2010.jpg,Batter,Player
2009,23,Dwayne Bravo,Mumbai Indians,218,11,10,2,70*,27.25,203,107.38,0,2,15,8,https://upload.wikimedia.org/wikipedia/commons/thumb/5/5e/Dwayne_Bravo_2010.jpg/800px-Dwayne_Bravo_2010.jpg,All-rounder,Player
2009,24,Dwayne Smith,Deccan Chargers,215,8,8,0,49,26.87,132,162.87,0,1,21,15,https://upload.wikimedia.org/wikipedia/commons/thumb/5/5e/Dwayne_Smith_2010.jpg/800px-Dwayne_Smith_2010.jpg,All-rounder,Player
2009,25,Graeme Smith,Rajasthan Royals,212,12,12,1,77,19.27,216,98.14,0,1,27,1,https://upload.wikimedia.org/wikipedia/commons/thumb/6/6f/Graeme_Smith_2010.jpg/800px-Graeme_Smith_2010.jpg,Batter,Player
2009,26,Irfan Pathan,Kings XI Punjab,196,14,12,2,39,19.6,158,124.05,0,1,17,6,https://upload.wikimedia.org/wikipedia/commons/thumb/5/5e/Irfan_Pathan_2010.jpg/800px-Irfan_Pathan_2010.jpg,All-rounder,Player
2009,27,Abhishek Nayar,Mumbai Indians,193,13,11,2,35,21.44,152,126.97,0,1,14,7,https://upload.wikimedia.org/wikipedia/commons/thumb/0/0f/Abhishek_Nayar_2010.jpg/800px-Abhishek_Nayar_2010.jpg,All-rounder,Player
2009,28,Sourav Ganguly,Kolkata Knight Riders,189,13,11,0,46,17.18,207,91.3,0,1,13,6,https://upload.wikimedia.org/wikipedia/commons/thumb/5/5f/Sourav_Ganguly_2010.jpg/800px-Sourav_Ganguly_2010.jpg,Batter,C
2009,29,Subramaniam Badrinath,Chennai Super Kings,177,14,11,2,59*,19.66,164,107.92,0,1,20,4,https://upload.wikimedia.org/wikipedia/commons/thumb/0/0f/Subramaniam_Badrinath_2010.jpg/800px-Subramaniam_Badrinath_2010.jpg,Batter,Player
2009,30,Robin Uthappa,Royal Challengers Bangalore,175,15,13,2,66*,15.9,170,102.94,0,1,18,3,https://upload.wikimedia.org/wikipedia/commons/thumb/0/0f/Robin_Uthappa_2010.jpg/800px-Robin_Uthappa_2010.jpg,Batter,Player
2009,31,Chris Gayle,Kolkata Knight Riders,171,7,7,1,44*,28.5,143,119.58,0,1,15,10,https://upload.wikimedia.org/wikipedia/commons/thumb/5/5e/Chris_Gayle_2010.jpg/800px-Chris_Gayle_2010.jpg,All-rounder,Player
2009,32,Manish Pandey,Royal Challengers Bangalore,168,5,4,2,114*,84,118,142.37,1,0,17,4,https://upload.wikimedia.org/wikipedia/commons/thumb/5/5e/Manish_Pandey_2010.jpg/800px-Manish_Pandey_2010.jpg,Batter,Player
2009,33,Naman Ojha,Rajasthan Royals,168,8,8,1,68,24,144,116.66,0,2,11,11,https://upload.wikimedia.org/wikipedia/commons/thumb/5/5e/Naman_Ojha_2010.jpg/800px-Naman_Ojha_2010.jpg,Batter,WK
2009,34,Mark Boucher,Royal Challengers Bangalore,150,12,9,4,48*,30,116,129.31,0,0,8,6,https://upload.wikimedia.org/wikipedia/commons/thumb/5/5e/Mark_Boucher_2010.jpg/800px-Mark_Boucher_2010.jpg,Batter,WK
2009,35,Simon Katich,Kings XI Punjab,145,9,9,0,50,16.11,117,123.93,0,1,15,6,https://upload.wikimedia.org/wikipedia/commons/thumb/0/0f/Simon_Katich_2010.jpg/800px-Simon_Katich_2010.jpg,Batter,Player
2009,36,Ajinkya Rahane,Mumbai Indians,144,8,7,1,62*,24,123,117.07,0,2,12,3,https://upload.wikimedia.org/wikipedia/commons/thumb/5/5e/Ajinkya_Rahane_2010.jpg/800px-Ajinkya_Rahane_2010.jpg,Batter,Player
2009,37,Parthiv Patel,Chennai Super Kings,142,9,9,0,36,15.77,126,112.69,0,1,19,2,https://upload.wikimedia.org/wikipedia/commons/thumb/5/5e/Parthiv_Patel_2010.jpg/800px-Parthiv_Patel_2010.jpg,Batter,WK
2009,38,Ravi Bopara,Kings XI Punjab,138,5,5,0,84,27.6,119,115.96,0,1,8,7,https://upload.wikimedia.org/wikipedia/commons/thumb/0/0f/Ravi_Bopara_2010.jpg/800px-Ravi_Bopara_2010.jpg,All-rounder,Player
2009,39,Karan Goel,Kings XI Punjab,124,9,9,1,38,15.5,133,93.23,0,0,9,4,https://upload.wikimedia.org/wikipedia/commons/thumb/0/0f/Karan_Goel.jpg/800px-Karan_Goel.jpg,Batter,Player
2009,40,Venugopal Rao,Deccan Chargers,124,16,13,2,32,11.27,114,108.77,0,0,6,3,https://upload.wikimedia.org/wikipedia/commons/thumb/0/0f/Venugopal_Rao.jpg/800px-Venugopal_Rao.jpg,All-rounder,Player
2009,41,Roelof van der Merwe,Royal Challengers Bangalore,122,10,8,0,35,15.25,98,124.48,0,0,8,8,https://upload.wikimedia.org/wikipedia/commons/thumb/0/0f/Roelof_van_der_Merwe.jpg/800px-Roelof_van_der_Merwe.jpg,All-rounder,Player
2009,42,Sunny Sohal,Kings XI Punjab,115,8,8,0,43,14.37,93,123.65,0,0,9,8,https://upload.wikimedia.org/wikipedia/commons/thumb/0/0f/Sunny_Sohal.jpg/800px-Sunny_Sohal.jpg,Batter,Player
2009,43,Shane Warne,Rajasthan Royals,108,13,11,3,34*,13.5,116,93.1,0,0,6,4,https://img1.hscicdn.com/image/upload/f_auto,Bowler,C
2009,44,Rob Quiney,Rajasthan Royals,103,7,7,0,51,14.71,102,100.98,0,1,12,3,https://upload.wikimedia.org/wikipedia/commons/thumb/0/0f/Rob_Quiney.jpg/800px-Rob_Quiney.jpg,Batter,Player
2009,45,David Hussey,Kolkata Knight Riders,98,4,4,0,43,24.5,59,166.1,0,0,7,6,https://upload.wikimedia.org/wikipedia/commons/thumb/5/5e/David_Hussey_2010.jpg/800px-David_Hussey_2010.jpg,All-rounder,Player
2009,46,Swapnil Asnodkar,Rajasthan Royals,98,8,8,0,44,12.25,93,105.37,0,1,11,4,https://upload.wikimedia.org/wikipedia/commons/thumb/0/0f/Swapnil_Asnodkar.jpg/800px-Swapnil_Asnodkar.jpg,Batter,Player
2009,47,Albie Morkel,Chennai Super Kings,97,12,10,6,21*,24.25,70,138.57,0,0,8,4,https://upload.wikimedia.org/wikipedia/commons/thumb/0/0f/Albie_Morkel_2010.jpg/800px-Albie_Morkel_2010.jpg,All-rounder,Player
2009,48,Kevin Pietersen,Royal Challengers Bangalore,93,6,6,0,37,15.5,85,109.41,0,0,8,2,https://upload.wikimedia.org/wikipedia/commons/thumb/5/5e/Kevin_Pietersen_2010.jpg/800px-Kevin_Pietersen_2010.jpg,All-rounder,Player
2009,49,Jacob Oram,Chennai Super Kings,88,11,8,2,41*,14.66,93,94.62,0,0,5,4,https://upload.wikimedia.org/wikipedia/commons/thumb/5/5e/Jacob_Oram_2010.jpg/800px-Jacob_Oram_2010.jpg,All-rounder,Player
2009,50,Harbhajan Singh,Mumbai Indians,84,13,10,2,20,10.5,53,158.49,0,0,6,5,https://upload.wikimedia.org/wikipedia/commons/thumb/5/5e/Harbhajan_Singh_2010.jpg/800px-Harbhajan_Singh_2010.jpg,Bowler,Player
2009,51,Laxmi Ratan Shukla,Kolkata Knight Riders,83,9,6,1,48*,16.6,85,97.64,0,0,5,3,https://upload.wikimedia.org/wikipedia/commons/thumb/0/0f/Laxmi_Ratan_Shukla.jpg/800px-Laxmi_Ratan_Shukla.jpg,All-rounder,Player
2009,52,Lee Carseldine,Rajasthan Royals,81,5,5,1,39,20.25,68,119.11,0,1,10,5,https://upload.wikimedia.org/wikipedia/commons/thumb/0/0f/Lee_Carseldine.jpg/800px-Lee_Carseldine.jpg,All-rounder,Player
2009,53,Abhishek Raut,Rajasthan Royals,78,9,7,3,36*,19.5,61,127.86,0,0,5,3,https://upload.wikimedia.org/wikipedia/commons/thumb/0/0f/Abhishek_Raut.jpg/800px-Abhishek_Raut.jpg,All-rounder,Player
2009,54,Wriddhiman Saha,Kolkata Knight Riders,72,8,7,4,25*,24,41,175.6,0,0,3,4,https://upload.wikimedia.org/wikipedia/commons/thumb/5/5e/Wriddhiman_Saha_2010.jpg/800px-Wriddhiman_Saha_2010.jpg,Batter,WK
2009,55,Azhar Bilakhia,Deccan Chargers,67,6,6,2,22,16.75,81,82.71,0,0,5,0,https://upload.wikimedia.org/wikipedia/commons/thumb/0/0f/Azhar_Bilakhia.jpg/800px-Azhar_Bilakhia.jpg,Batter,Player
2009,56,Ajit Agarkar,Kolkata Knight Riders,66,11,7,5,39,33,57,115.78,0,0,3,3,https://upload.wikimedia.org/wikipedia/commons/thumb/5/5e/Ajit_Agarkar_2010.jpg/800px-Ajit_Agarkar_2010.jpg,All-rounder,Player
2009,57,Dwaraka Ravi Teja,Deccan Chargers,65,9,6,3,27,21.66,70,92.85,0,0,7,0,https://upload.wikimedia.org/wikipedia/commons/thumb/0/0f/Dwaraka_Ravi_Teja.jpg/800px-Dwaraka_Ravi_Teja.jpg,Batter,Player
2009,58,Praveen Kumar,Royal Challengers Bangalore,65,13,8,3,14*,13,46,141.3,0,1,6,5,https://upload.wikimedia.org/wikipedia/commons/thumb/5/5e/Praveen_Kumar_2010.jpg/800px-Praveen_Kumar_2010.jpg,Bowler,Player
2009,59,Andrew Flintoff,Chennai Super Kings,62,3,3,1,24,31,53,116.98,0,0,5,2,https://upload.wikimedia.org/wikipedia/commons/thumb/5/5e/Andrew_Flintoff_2010.jpg/800px-Andrew_Flintoff_2010.jpg,All-rounder,Player
2009,60,Murali Vijay,Chennai Super Kings,60,4,4,0,31,15,67,89.55,0,0,4,2,https://upload.wikimedia.org/wikipedia/commons/thumb/5/5e/Murali_Vijay_2010.jpg/800px-Murali_Vijay_2010.jpg,Batter,Player
2009,61,Jesse Ryder,Royal Challengers Bangalore,56,5,5,0,32,11.2,49,114.28,0,0,9,0,https://upload.wikimedia.org/wikipedia/commons/thumb/5/5e/Jesse_Ryder_2010.jpg/800px-Jesse_Ryder_2010.jpg,All-rounder,Player
2009,62,Shreevats Goswami,Royal Challengers Bangalore,53,2,2,0,43,26.5,60,88.33,0,0,6,0,https://upload.wikimedia.org/wikipedia/commons/thumb/0/0f/Shreevats_Goswami.jpg/800px-Shreevats_Goswami.jpg,Batter,WK
2009,63,Pinal Shah,Mumbai Indians,53,9,5,2,29,17.66,51,103.92,0,0,4,2,https://upload.wikimedia.org/wikipedia/commons/thumb/0/0f/Pinal_Shah.jpg/800px-Pinal_Shah.jpg,Batter,WK
2009,64,Johan Botha,Rajasthan Royals,47,3,3,1,37,23.5,40,117.5,0,0,5,0,https://upload.wikimedia.org/wikipedia/commons/thumb/5/5e/Johan_Botha_2010.jpg/800px-Johan_Botha_2010.jpg,All-rounder,Player
2009,65,Yashpal Singh,Kolkata Knight Riders,47,8,4,0,20,11.75,66,71.21,0,0,5,0,https://upload.wikimedia.org/wikipedia/commons/thumb/0/0f/Yashpal_Singh.jpg/800px-Yashpal_Singh.jpg,Batter,Player
2009,66,Vinay Kumar,Royal Challengers Bangalore,47,11,8,3,31,29.4,44,106.81,0,0,4,1,https://upload.wikimedia.org/wikipedia/commons/thumb/5/5e/Vinay_Kumar_2010.jpg/800px-Vinay_Kumar_2010.jpg,Bowler,Player
2009,67,George Bailey,Chennai Super Kings,45,3,2,0,30,22.5,39,115.38,0,0,7,0,https://upload.wikimedia.org/wikipedia/commons/thumb/0/0f/George_Bailey_2010.jpg/800px-George_Bailey_2010.jpg,Batter,Player
2009,68,Luke Pomersbach,Kings XI Punjab,41,4,4,0,26,10.25,49,83.67,0,0,3,1,https://upload.wikimedia.org/wikipedia/commons/thumb/0/0f/Luke_Pomersbach_2010.jpg/800px-Luke_Pomersbach_2010.jpg,Batter,Player
2009,69,Shikhar Dhawan,Mumbai Indians,40,5,4,0,22,10,45,88.88,0,0,3,0,https://upload.wikimedia.org/wikipedia/commons/thumb/0/0f/Shikhar_Dhawan_2010.jpg/800px-Shikhar_Dhawan_2010.jpg,Batter,Player
2009,70,Dimitri Mascarenhas,Rajasthan Royals,39,5,4,0,27,9.75,39,100,0,0,4,0,https://upload.wikimedia.org/wikipedia/commons/thumb/0/0f/Dimitri_Mascarenhas.jpg/800px-Dimitri_Mascarenhas.jpg,All-rounder,Player
2009,71,Moises Henriques,Kolkata Knight Riders,38,4,3,1,30*,19,40,95,0,0,2,1,https://upload.wikimedia.org/wikipedia/commons/thumb/5/5e/Moises_Henriques_2010.jpg/800px-Moises_Henriques_2010.jpg,All-rounder,Player
2009,72,Munaf Patel,Rajasthan Royals,33,11,5,2,23*,11,26,126.92,0,0,5,0,https://upload.wikimedia.org/wikipedia/commons/thumb/5/5e/Munaf_Patel_2010.jpg/800px-Munaf_Patel_2010.jpg,Bowler,Player
2009,73,Piyush Chawla,Kings XI Punjab,31,14,10,5,8*,6.2,36,86.11,0,0,3,0,https://upload.wikimedia.org/wikipedia/commons/thumb/5/5e/Piyush_Chawla_2010.jpg/800px-Piyush_Chawla_2010.jpg,Bowler,Player
2009,74,Chaminda Vaas,Deccan Chargers,30,2,2,1,20,30,21,142.85,0,0,1,1,https://upload.wikimedia.org/wikipedia/commons/thumb/5/5e/Chaminda_Vaas_2010.jpg/800px-Chaminda_Vaas_2010.jpg,Bowler,Player
2009,75,Wilkin Mota,Kings XI Punjab,30,8,6,1,12,6,48,62.5,0,0,0,0,https://upload.wikimedia.org/wikipedia/commons/thumb/0/0f/Wilkin_Mota.jpg/800px-Wilkin_Mota.jpg,All-rounder,Player
2009,76,Brett Lee,Kings XI Punjab,28,5,4,2,14*,14,34,82.35,0,0,2,1,https://upload.wikimedia.org/wikipedia/commons/thumb/5/5e/Brett_Lee_2010.jpg/800px-Brett_Lee_2010.jpg,Bowler,Player
2009,77,Amit Mishra,Delhi Daredevils,26,11,5,2,13*,8.66,20,130,0,0,2,2,https://upload.wikimedia.org/wikipedia/commons/thumb/5/5e/Amit_Mishra_2010.jpg/800px-Amit_Mishra_2010.jpg,Bowler,Player
2009,78,Ramesh Powar,Kings XI Punjab,23,9,4,3,10,23,22,104.54,0,0,2,0,https://upload.wikimedia.org/wikipedia/commons/thumb/0/0f/Ramesh_Powar.jpg/800px-Ramesh_Powar.jpg,Bowler,Player
2009,79,Ryan Harris,Deccan Chargers,21,8,5,4,9*,21,18,116.66,0,0,0,0,https://upload.wikimedia.org/wikipedia/commons/thumb/0/0f/Ryan_Harris_2010.jpg/800px-Ryan_Harris_2010.jpg,Bowler,Player
2009,80,Murali Kartik,Kolkata Knight Riders,21,10,2,2,11*,0,20,105,0,0,0,0,https://upload.wikimedia.org/wikipedia/commons/thumb/5/5e/Murali_Kartik_2010.jpg/800px-Murali_Kartik_2010.jpg,Bowler,Player
2009,81,Joginder Sharma,Chennai Super Kings,20,4,2,1,16*,20,18,111.11,0,0,1,1,https://upload.wikimedia.org/wikipedia/commons/thumb/0/0f/Joginder_Sharma.jpg/800px-Joginder_Sharma.jpg,All-rounder,Player
2009,82,Shadab Jakati,Chennai Super Kings,20,9,2,1,13,20,15,133.33,0,0,3,0,https://upload.wikimedia.org/wikipedia/commons/thumb/0/0f/Shadab_Jakati.jpg/800px-Shadab_Jakati.jpg,Bowler,Player
2009,83,Rajesh Bishnoi,Royal Challengers Bangalore,19,3,3,0,18,6.33,17,111.76,0,0,1,2,https://upload.wikimedia.org/wikipedia/commons/thumb/0/0f/Rajesh_Bishnoi.jpg/800px-Rajesh_Bishnoi.jpg,All-rounder,Player
2009,84,VVS Laxman,Deccan Chargers,19,5,5,0,10,3.8,33,57.57,0,0,1,1,https://upload.wikimedia.org/wikipedia/commons/thumb/5/5e/VVS_Laxman_2010.jpg/800px-VVS_Laxman_2010.jpg,Batter,Player
2009,85,Niraj Patel,Rajasthan Royals,18,4,2,0,14,9,38,47.36,0,0,1,0,https://upload.wikimedia.org/wikipedia/commons/thumb/0/0f/Niraj_Patel.jpg/800px-Niraj_Patel.jpg,Batter,Player
2009,86,Balachandra Akhil,Royal Challengers Bangalore,17,6,3,1,9,8.5,15,113.33,0,0,1,1,https://upload.wikimedia.org/wikipedia/commons/thumb/0/0f/Balachandra_Akhil.jpg/800px-Balachandra_Akhil.jpg,All-rounder,Player
2009,87,Angelo Mathews,Kolkata Knight Riders,16,1,1,0,16,16,13,123.07,0,0,2,0,https://upload.wikimedia.org/wikipedia/commons/thumb/5/5e/Angelo_Mathews_2010.jpg/800px-Angelo_Mathews_2010.jpg,All-rounder,Player
2009,88,Mahesh Rawat,Rajasthan Royals,16,5,3,3,8*,0,19,84.21,0,0,1,0,https://upload.wikimedia.org/wikipedia/commons/thumb/0/0f/Mahesh_Rawat.jpg/800px-Mahesh_Rawat.jpg,Batter,WK
2009,89,Ishant Sharma,Kolkata Knight Riders,16,11,3,1,9,8,13,123.07,0,0,1,1,https://upload.wikimedia.org/wikipedia/commons/thumb/5/5e/Ishant_Sharma_2010.jpg/800px-Ishant_Sharma_2010.jpg,Bowler,Player
2009,90,Anil Kumble,Royal Challengers Bangalore,16,16,7,6,7*,16,19,84.21,0,0,2,0,https://upload.wikimedia.org/wikipedia/commons/thumb/5/5e/Anil_Kumble_2010.jpg/800px-Anil_Kumble_2010.jpg,Bowler,Player
2009,91,Graham Napier,Mumbai Indians,15,1,1,0,15,15,16,93.75,0,0,1,0,https://upload.wikimedia.org/wikipedia/commons/thumb/0/0f/Graham_Napier.jpg/800px-Graham_Napier.jpg,All-rounder,Player
2009,92,Wasim Jaffer,Royal Challengers Bangalore,15,2,2,0,8,7.5,17,88.23,0,0,2,0,https://upload.wikimedia.org/wikipedia/commons/thumb/0/0f/Wasim_Jaffer_2010.jpg/800px-Wasim_Jaffer_2010.jpg,Batter,Player
2009,93,Scott Styris,Deccan Chargers,14,2,1,0,14,14,8,175,0,0,0,1,https://upload.wikimedia.org/wikipedia/commons/thumb/0/0f/Scott_Styris_2010.jpg/800px-Scott_Styris_2010.jpg,All-rounder,Player
2009,94,Saurabh Tiwary,Mumbai Indians,13,4,3,2,6*,13,12,108.33,0,0,0,0,https://upload.wikimedia.org/wikipedia/commons/thumb/5/5e/Saurabh_Tiwary_2010.jpg/800px-Saurabh_Tiwary_2010.jpg,Batter,Player
2009,95,Manpreet Gony,Chennai Super Kings,13,7,3,1,7,6.5,7,185.71,0,0,0,2,https://upload.wikimedia.org/wikipedia/commons/thumb/0/0f/Manpreet_Gony.jpg/800px-Manpreet_Gony.jpg,Bowler,Player
2009,96,Rohan Raje,Mumbai Indians,12,4,2,1,11*,12,9,133.33,0,0,1,0,https://upload.wikimedia.org/wikipedia/commons/thumb/0/0f/Rohan_Raje.jpg/800px-Rohan_Raje.jpg,All-rounder,Player
2009,97,Aakash Chopra,Kolkata Knight Riders,11,2,1,0,11,11,19,57.89,0,0,2,0,https://upload.wikimedia.org/wikipedia/commons/thumb/0/0f/Aakash_Chopra.jpg/800px-Aakash_Chopra.jpg,Batter,Player
2009,98,Tyron Henderson,Rajasthan Royals,11,2,2,0,11,5.5,16,68.75,0,0,0,1,https://upload.wikimedia.org/wikipedia/commons/thumb/0/0f/Tyron_Henderson.jpg/800px-Tyron_Henderson.jpg,All-rounder,Player
2009,99,Dillon du Preez,Royal Challengers Bangalore,10,2,1,0,10,10,13,76.92,0,0,0,0,https://upload.wikimedia.org/wikipedia/commons/thumb/0/0f/Dillon_du_Preez.jpg/800px-Dillon_du_Preez.jpg,All-rounder,Player
2009,100,Shane Harwood,Rajasthan Royals,9,3,2,2,6*,0,14,64.28,0,0,0,0,https://upload.wikimedia.org/wikipedia/commons/thumb/0/0f/Shane_Harwood.jpg/800px-Shane_Harwood.jpg,All-rounder,Player
2009,101,Siddharth Trivedi,Rajasthan Royals,9,7,3,1,6*,4.5,18,50,0,0,0,0,https://upload.wikimedia.org/wikipedia/commons/thumb/0/0f/Siddharth_Trivedi.jpg/800px-Siddharth_Trivedi.jpg,Bowler,Player
2009,102,Dhawal Kulkarni,Mumbai Indians,9,8,4,2,7*,4.5,17,52.94,0,0,0,0,https://upload.wikimedia.org/wikipedia/commons/thumb/0/0f/Dhawal_Kulkarni_2010.jpg/800px-Dhawal_Kulkarni_2010.jpg,Bowler,Player
2009,103,Morne Morkel,Rajasthan Royals,8,2,1,0,8,8,8,100,0,0,1,0,https://upload.wikimedia.org/wikipedia/commons/thumb/5/5e/Morne_Morkel_2010.jpg/800px-Morne_Morkel_2010.jpg,Bowler,Player
2009,104,Ravichandran Ashwin,Chennai Super Kings,8,2,1,0,8,8,15,53.33,0,0,1,0,https://upload.wikimedia.org/wikipedia/commons/thumb/5/5e/Ravichandran_Ashwin_2010.jpg/800px-Ravichandran_Ashwin_2010.jpg,Bowler,Player
2009,105,Zaheer Khan,Mumbai Indians,8,6,4,3,4*,8,11,72.72,0,0,0,0,https://upload.wikimedia.org/wikipedia/commons/thumb/5/5e/Zaheer_Khan_2010.jpg/800px-Zaheer_Khan_2010.jpg,Bowler,Player
2009,106,Muttiah Muralitharan,Chennai Super Kings,8,13,4,2,4,4,8,100,0,0,1,0,https://upload.wikimedia.org/wikipedia/commons/thumb/5/5e/Muttiah_Muralitharan_2010.jpg/800px-Muttiah_Muralitharan_2010.jpg,Bowler,Player
2009,107,RP Singh,Deccan Chargers,8,16,6,6,2,2,17,47.05,0,0,0,0,https://upload.wikimedia.org/wikipedia/commons/thumb/5/5e/RP_Singh_2010.jpg/800px-RP_Singh_2010.jpg,Bowler,Player
2009,108,Arindam Ghosh,Kolkata Knight Riders,7,2,2,0,7,3.5,8,87.5,0,0,1,0,https://upload.wikimedia.org/wikipedia/commons/thumb/0/0f/Arindam_Ghosh.jpg/800px-Arindam_Ghosh.jpg,Batter,Player
2009,109,Siddharth Chitnis,Rajasthan Royals,6,1,1,0,6,6,8,75,0,0,1,0,https://upload.wikimedia.org/wikipedia/commons/thumb/0/0f/Siddharth_Chitnis.jpg/800px-Siddharth_Chitnis.jpg,All-rounder,Player
2009,110,Paul Valthaty,Rajasthan Royals,6,2,2,0,5,3,12,50,0,0,1,0,https://upload.wikimedia.org/wikipedia/commons/thumb/0/0f/Paul_Valthaty.jpg/800px-Paul_Valthaty.jpg,Batter,Player
2009,111,Shoaib Shaikh,Kolkata Knight Riders,6,2,1,0,6,6,7,85.71,0,0,1,0,https://upload.wikimedia.org/wikipedia/commons/thumb/0/0f/Shoaib_Shaikh.jpg/800px-Shoaib_Shaikh.jpg,All-rounder,Player
2009,112,Shanthakumaran Sreesanth,Kings XI Punjab,5,7,2,2,4*,0,18,27.77,0,0,1,0,https://upload.wikimedia.org/wikipedia/commons/thumb/5/5e/Shanthakumaran_Sreesanth_2010.jpg/800px-Shanthakumaran_Sreesanth_2010.jpg,Bowler,Player
2009,113,Lakshmipathy Balaji,Chennai Super Kings,4,13,4,1,2*,1.33,10,40,0,0,0,0,https://upload.wikimedia.org/wikipedia/commons/thumb/5/5e/Lakshmipathy_Balaji_2010.jpg/800px-Lakshmipathy_Balaji_2010.jpg,Bowler,Player
2009,114,Kamran Khan,Rajasthan Royals,3,5,1,0,3,3,5,60,0,0,0,0,https://upload.wikimedia.org/wikipedia/commons/thumb/0/0f/Kamran_Khan.jpg/800px-Kamran_Khan.jpg,Bowler,Player
2009,115,Mashrafe Mortaza,Kolkata Knight Riders,2,1,1,1,2*,0,2,100,0,0,0,0,https://upload.wikimedia.org/wikipedia/commons/thumb/5/5e/Mashrafe_Mortaza_2010.jpg/800px-Mashrafe_Mortaza_2010.jpg,Bowler,Player
2009,116,Mohammad Ashraful,Mumbai Indians,2,1,1,0,2,2,10,20,0,0,0,0,https://upload.wikimedia.org/wikipedia/commons/thumb/5/5e/Mohammad_Ashraful_2010.jpg/800px-Mohammad_Ashraful_2010.jpg,Batter,Player
2009,117,Thilan Thushara,Chennai Super Kings,2,2,2,1,2*,2,7,28.57,0,0,0,0,https://upload.wikimedia.org/wikipedia/commons/thumb/0/0f/Thilan_Thushara.jpg/800px-Thilan_Thushara.jpg,Bowler,Player
2009,118,Ashok Dinda,Kolkata Knight Riders,2,9,2,0,2,1,3,66.66,0,0,0,0,https://upload.wikimedia.org/wikipedia/commons/thumb/5/5e/Ashok_Dinda_2010.jpg/800px-Ashok_Dinda_2010.jpg,Bowler,Player
2009,119,Taruwar Kohli,Kings XI Punjab,1,2,1,1,1*,0,4,25,0,0,0,0,https://upload.wikimedia.org/wikipedia/commons/thumb/0/0f/Taruwar_Kohli.jpg/800px-Taruwar_Kohli.jpg,Batter,Player
2009,120,Pankaj Singh,Royal Challengers Bangalore,1,3,2,1,1*,0,2,50,0,0,0,0,https://upload.wikimedia.org/wikipedia/commons/thumb/0/0f/Pankaj_Singh.jpg/800px-Pankaj_Singh.jpg,Bowler,Player
2009,121,Amit Singh,Rajasthan Royals,1,5,2,1,1*,0,3,33.33,0,0,0,0,https://upload.wikimedia.org/wikipedia/commons/thumb/0/0f/Amit_Singh.jpg/800px-Amit_Singh.jpg,Bowler,Player
2009,122,Shoaib Ahmed,Deccan Chargers,1,7,3,1,1*,0.5,6,16.66,0,0,0,0,https://upload.wikimedia.org/wikipedia/commons/thumb/0/0f/Shoaib_Ahmed.jpg/800px-Shoaib_Ahmed.jpg,All-rounder,Player
2009,123,Pragyan Ojha,Deccan Chargers,1,15,4,1,1,0.33,7,14.28,0,0,0,0,https://upload.wikimedia.org/wikipedia/commons/thumb/5/5e/Pragyan_Ojha_2010.jpg/800px-Pragyan_Ojha_2010.jpg,Bowler,Player
2009,124,Luke Ronchi,Mumbai Indians,0,1,1,0,0*,0,2,0,0,0,0,0,https://upload.wikimedia.org/wikipedia/commons/thumb/5/5e/Luke_Ronchi_2010.jpg/800px-Luke_Ronchi_2010.jpg,Batter,WK
2009,125,Tanmay Srivastava,Kings XI Punjab,0,2,1,1,0*,0,1,0,0,0,0,0,https://upload.wikimedia.org/wikipedia/commons/thumb/0/0f/Tanmay_Srivastava.jpg/800px-Tanmay_Srivastava.jpg,Batter,Player
2009,126,Chetanya Nanda,Mumbai Indians,0,3,1,0,0*,0,1,0,0,0,0,0,https://upload.wikimedia.org/wikipedia/commons/thumb/0/0f/Chetanya_Nanda.jpg/800px-Chetanya_Nanda.jpg,Batter,Player
2009,127,Dale Steyn,Royal Challengers Bangalore,0,3,2,1,0*,0,3,0,0,0,0,0,https://upload.wikimedia.org/wikipedia/commons/thumb/5/5e/Dale_Steyn_2010.jpg/800px-Dale_Steyn_2010.jpg,Bowler,Player
2009,128,Ajantha Mendis,Kolkata Knight Riders,0,4,1,0,0*,0,1,0,0,0,0,0,https://upload.wikimedia.org/wikipedia/commons/thumb/5/5e/Ajantha_Mendis_2010.jpg/800px-Ajantha_Mendis_2010.jpg,Bowler,Player
2009,129,KP Appanna,Royal Challengers Bangalore,0,5,1,1,0*,0,1,0,0,0,0,0,https://upload.wikimedia.org/wikipedia/commons/thumb/0/0f/KP_Appanna.jpg/800px-KP_Appanna.jpg,Bowler,Player
2009,130,Lasith Malinga,Mumbai Indians,0,13,3,3,0*,0,1,0,0,0,0,0,https://upload.wikimedia.org/wikipedia/commons/thumb/5/5e/Lasith_Malinga_2010.jpg/800px-Lasith_Malinga_2010.jpg,Bowler,Player
